Workbook

Sheet Guidleline
A1: Guideline to make and understand Unit Test Case
A3: 1. Overview
A4: - In the template, Unit test cases are based on functions. Each sheet presents test cases for one function.
A5: - Cover: General information of the project and Unit Test cases
A6: - FunctionList: The list of Classes and Functions in the document. + To control that the number of Unit TC meets customer's requirement or the norm, user should fill value for 'Normal number of Test cases/KLOC'.
A7: + Click on Function link to open the related Test cases of the function. Note: You should create new Function sheet before creating the link
A8: - Test Report: provive the overview results of Functions Unit test: Test coverage, Test successful coverage (Summary, for normal/abnormal/boundary cases)
A9: Note: Should check the formula of "Sub Total" if you add more functions
A11: 2. Content in Test function sheet
A12: 2.1 Combination of test cases.
A13: - To verify that number of Unit TC meets customer's requirement or not. User has to fill number LOC of tested function and fill value of 'Normal number test cases/KLOC' item in FunctionList sheet, which is required by customer or normal value. The number of lacked TC is shown in 'Lack of test cases' item.
A14: - If the number of Unit TC does not meet the requirement, creator should explain the reasons.
... A47: - Test requirement: Brief description about requirements which are tested in this function, it is not mandatory.

Sheet Cover
B2: UNIT TEST CASE
A4: Project Name | B4: Date Time Checker | E4: Creator | F4: Huỳnh Văn Tiến Đạt
A5: Project Code | B5: FU-SWT | E5: Reviewer/Approver | F5: Not assigned
A6: Document Code | B6: FU-SWT_UnitTest_v1.0 | E6: Issue Date | F6: 26/09/2026
E7: Version | F7: v1.0
A10: Record of change
A11: Effective Date | B11: Version | C11: Change Item | D11: *A,D,M | E11: Change description | F11: Reference
A12: 26/09/2026 | B12: v1.0 | C12: Lab 2 unit test cases | D12: A | E12: 15 cases per function; expected outcomes from flowcharts. | F12: ProjectIntroduction.docx; Lab2-WritingUnitTestCase.docx

Sheet FunctionList
E2: UNIT TEST CASE LIST
A4: Project Name | E4: =Cover!B4 -> Date Time Checker
A5: Project Code | E5: =Cover!B5 -> FU-SWT
A6: Normal number of Test cases/KLOC | E6: N/A
A7: Test Environment Setup Description | E7: Direct C# .NET unit calls on Windows; no server, database, or UI required.
A10: No | B10: Requirement Name | C10: Class Name | D10: Function Name | E10: Function Code(Optional) | F10: Sheet Name | G10: Description | H10: Pre-Condition
A11: 1 | B11: Gregorian date validity | C11: DateTimeChecker | D11: IsValidDate | E11: DTC-CD | F11: =HYPERLINK("#'CheckDate'!A1","CheckDate") -> CheckDate | G11: Check month/day and Gregorian leap years | H11: Year Short, Month and Day Byte
A12: 2 | B12: Gregorian month length | C12: DateTimeChecker | D12: DaysInMonth | E12: DTC-DIM | F12: =HYPERLINK("#'DayInMonth'!A1","DayInMonth") -> DayInMonth | G12: Return number of days in month; 0 for invalid month | H12: Year UShort, Month Byte

Sheet Test Report
A2: UNIT TEST REPORT
A4: Project Name | B4: =Cover!B4 -> Date Time Checker | D4: Creator | F4: Nguyễn Gia Thắng
A5: Project Code | B5: =Cover!B5 -> FU-SWT | D5: Reviewer/Approver | F5: Not assigned
A6: Document Code | B6: FU-SWT_Test Report_v1.0 | D6: Issue Date | F6: 26/09/2026
A7: Notes | B7: Lab 2: DaysInMonth and IsValidDate. Expected results only; source code not supplied.
A11: No | B11: Function code | C11: Passed | D11: Failed | E11: Untested | F11: N | G11: A | H11: B | I11: Total Test Cases
A12: 1 | B12: DTC-CD | C12: =CheckDate!A7 -> 0 | D12: =CheckDate!C7 -> 0 | E12: =CheckDate!F7 -> 15 | F12: =CheckDate!L7 -> 2 | G12: =CheckDate!M7 -> 3 | H12: =CheckDate!N7 -> 10 | I12: =CheckDate!O7 -> 15
A13: 2 | B13: DTC-DIM | C13: =DayInMonth!A7 -> 0 | D13: =DayInMonth!C7 -> 0 | E13: =DayInMonth!F7 -> 15 | F13: =DayInMonth!L7 -> 4 | G13: =DayInMonth!M7 -> 2 | H13: =DayInMonth!N7 -> 9 | I13: =DayInMonth!O7 -> 15
B17: Sub total | C17: =SUM(C10:C16) -> 0 | D17: =SUM(D10:D16) -> 0 | E17: =SUM(E10:E16) -> 30 | F17: =SUM(F10:F16) -> 6 | G17: =SUM(G10:G16) -> 5 | H17: =SUM(H10:H16) -> 19 | I17: =SUM(I10:I16) -> 30
B19: Test coverage | D19: =(C17+D17)*100/(I17) -> 0 | E19: %
B20: Test successful coverage | D20: =IF(C17+D17=0,"N/A",C17*100/(C17+D17)) -> N/A | E20: %
B21: Normal case | D21: =F17*100/I17 -> 20 | E21: %
B22: Abnormal case | D22: =G17*100/I17 -> 16.666667 | E22: %
B23: Boundary case | D23: =H17*100/I17 -> 63.333333 | E23: %

Sheet CheckDate
A2: Function Code | C2: =FunctionList!E11 -> DTC-CD | F2: Function Name | L2: =FunctionList!D11 -> IsValidDate
A3: Created By | C3: Nguyễn Gia Thắng | F3: Executed By | L3: Not executed
A4: Lines of code | F4: Lack of test cases | L4: =IF(FunctionList!E6<>"N/A",SUM(C4*FunctionList!E6/1000,-O7),"N/A") -> N/A
A5: Test requirement | C5: Return true only when month and day form a valid Gregorian date.
A6: Passed | C6: Failed | F6: Untested | L6: N/A/B | O6: Total Test Cases
A7: =COUNTIF(F40:HQ40,"P") -> 0 | C7: =COUNTIF(F40:HQ40,"F") -> 0 | F7: =SUM(O7,-A7,-C7) -> 15 | L7: =COUNTIF(E39:HQ39,"N") -> 2 | M7: =COUNTIF(E39:HQ39,"A") -> 3 | N7: =COUNTIF(E39:HQ39,"B") -> 10 | O7: =COUNTA(E9:HT9) -> 15
F9: CD01 | G9: CD02 | H9: CD03 | I9: CD04 | J9: CD05 | K9: CD06 | L9: CD07 | M9: CD08 | N9: CD09 | O9: CD10 | P9: CD11 | Q9: CD12 | R9: CD13 | S9: CD14 | T9: CD15
A10: Condition | B10: Precondition
D11: Direct call
B14: Day
D15: 0 | P15: O | Q15: O
D16: 29 | H16: O | I16: O | J16: O | K16: O | L16: O | M16: O | N16: O | O16: O | R16: O | S16: O
D17: 31 | F17: O | G17: O | T17: O
B18: Month | D18: 1 | F18: O | Q18: O | T18: O
D19: 2 | H19: O | I19: O | J19: O | K19: O | L19: O | M19: O | P19: O | R19: O | S19: O
D20: 4 | G20: O | N20: O
D21: 0 | O21: O
B22: Year
D23: 2023 | F23: O | G23: O | I23: O | N23: O | O23: O | P23: O
D24: 2024 | H24: O | Q24: O | T24: O
D25: 2000 | J25: O
D26: 1900 | K26: O
D27: 2100 | L27: O
D28: 2400 | M28: O
D29: 1000 | R29: O
D30: 3000 | S30: O
A31: Confirm | B31: Return
D32: T | F32: O | H32: O | J32: O | M32: O | N32: O | T32: O
D33: F | G33: O | I33: O | K33: O | L33: O | O33: O | P33: O | Q33: O | R33: O | S33: O
B34: Exception
B36: Log message
A39: Result | B39: Type(N : Normal, A : Abnormal, B : Boundary) | F39: B | G39: B | H39: B | I39: B | J39: B | K39: B | L39: B | M39: B | N39: N | O39: A | P39: A | Q39: A | R39: B | S39: B | T39: N
B40: Passed/Failed
B41: Executed Date
B42: Defect ID

Sheet DayInMonth
A2: Function Code | C2: =FunctionList!E12 -> DTC-DIM | F2: Function Name | L2: =FunctionList!D12 -> DaysInMonth
A3: Created By | C3: Nguyễn Gia Thắng | F3: Executed By | L3: Not executed
A4: Lines of code | F4: Lack of test cases | L4: =IF(FunctionList!E6<>"N/A",SUM(C4*FunctionList!E6/1000,-O7),"N/A") -> N/A
A5: Test requirement | C5: Gregorian days per month; return 0 for an invalid month.
A6: Passed | C6: Failed | F6: Untested | L6: N/A/B | O6: Total Test Cases
A7: =COUNTIF(F46:HQ46,"P") -> 0 | C7: =COUNTIF(F46:HQ46,"F") -> 0 | F7: =SUM(O7,-A7,-C7) -> 15 | L7: =COUNTIF(E45:HQ45,"N") -> 4 | M7: =COUNTIF(E45:HQ45,"A") -> 2 | N7: =COUNTIF(E45:HQ45,"B") -> 9 | O7: =COUNTA(E9:HT9) -> 15
F9: DIM01 | G9: DIM02 | H9: DIM03 | I9: DIM04 | J9: DIM05 | K9: DIM06 | L9: DIM07 | M9: DIM08 | N9: DIM09 | O9: DIM10 | P9: DIM11 | Q9: DIM12 | R9: DIM13 | S9: DIM14 | T9: DIM15
A10: Condition | B10: Precondition
D11: Direct call
B14: Month
D15: 2 | H15: O | I15: O | J15: O | K15: O | L15: O | M15: O | N15: O | O15: O | R15: O | S15: O | T15: O
D16: 1 | F16: O
D17: 4 | G17: O
D18: 0 | P18: O
D19: 13 | Q19: O
B20: Year
D21: 2023 | F21: O | G21: O | H21: O | P21: O | Q21: O
D22: 2024 | I22: O
D23: 2000 | J23: O
D24: 1900 | K24: O
D25: 2100 | L25: O
D26: 2400 | M26: O
D27: 2004 | N27: O
D28: 2001 | O28: O
D29: 1000 | R29: O
D30: 3000 | S30: O
D31: 1
D32: 65535 | T32: O
A33: Confirm | B33: Return
D34: 0 | P34: O | Q34: O
D36: 29 | I36: O | J36: O | M36: O | N36: O
D37: 30 | G37: O
D38: 28 | H38: O | K38: O | L38: O | O38: O | R38: O | S38: O | T38: O
D39: 31 | F39: O
B40: Exception
B42: Log message
A45: Result | B45: Type(N : Normal, A : Abnormal, B : Boundary) | F45: B | G45: N | H45: N | I45: B | J45: B | K45: B | L45: B | M45: B | N45: N | O45: N | P45: A | Q45: A | R45: B | S45: B | T45: B
B46: Passed/Failed
B47: Executed Date
B48: Defect ID

Sheet Function3
A2: Function Code | C2: =FunctionList!E13 -> 0 | F2: Function Name | L2: =FunctionList!D13 -> 0
A3: Created By | C3: <Developer Name> | F3: Executed By
A4: Lines of code | C4: 300 | F4: Lack of test cases | L4: =IF(FunctionList!E6<>"N/A",SUM(C4*FunctionList!E6/1000,-O7),"N/A") -> N/A
A5: Test requirement | C5: Unused sample form — not part of Lab 2 submission.
A6: Passed | C6: Failed | F6: Untested | L6: N/A/B | O6: Total Test Cases
A7: =COUNTIF(F40:HQ40,"P") -> 0 | C7: =COUNTIF(F40:HQ40,"F") -> 0 | F7: =SUM(O7,-A7,-C7) -> 0 | L7: =COUNTIF(E39:HQ39,"N") -> 0 | M7: =COUNTIF(E39:HQ39,"A") -> 0 | N7: =COUNTIF(E39:HQ39,"B") -> 0 | O7: =COUNTA(E9:HT9) -> 0
A10: Condition | B10: Precondition
D11: Can connect with server
B14: Input1
D15: "1"
D16: ""
D17: null
B18: Input2
D19: >=5 & <= 10
D20: 5
D21: 10
A31: Confirm | B31: Return
D32: 1
D33: 2
B34: Exception
B36: Log message
D37: "success"
D38: "input1 is null"
A39: Result | B39: Type(N : Normal, A : Abnormal, B : Boundary)
B40: Passed/Failed
B41: Executed Date
B42: Defect ID

Sheet Example
A2: Function Code | C2: =FunctionList!E11 -> DTC-CD | F2: Function Name | L2: =FunctionList!D11 -> IsValidDate
A3: Created By | C3: <Developer Name> | F3: Executed By
A4: Lines of code | C4: 100 | F4: Lack of test cases | L4: =IF(FunctionList!E6<>"N/A",SUM(C4*FunctionList!E6/1000,-O7),"N/A") -> N/A
A5: Test requirement | C5: Unused sample form — not part of Lab 2 submission.
A6: Passed | C6: Failed | F6: Untested | L6: N/A/B | O6: Total Test Cases
A7: =COUNTIF(F47:HQ47,"P") -> 0 | C7: =COUNTIF(F47:HQ47,"F") -> 0 | F7: =SUM(O7,-A7,-C7) -> 0 | L7: =COUNTIF(E46:HQ46,"N") -> 0 | M7: =COUNTIF(E46:HQ46,"A") -> 0 | N7: =COUNTIF(E46:HQ46,"B") -> 0 | O7: =COUNTA(E9:HT9) -> 0
A10: Condition | B10: Precondition
B14: a
D15: -2
D16: -1
D17: 0
D18: 1
B19: b
D20: 0
D21: -2
D22: 2
B23: c
D24: 0
D25: 1
D26: 3
D27: 5
A33: Confirm | B33: Return
B34: list
D35: null
D36: size = 0
D37: {-1/2}
D38: {1,1}
D39: {1,-3}
B40: Exception
B42: Log message
D43: "please input a>= -1"
A45: Result | B45: Type(N : Normal, A : Abnormal, B : Boundary)
B46: Passed/Failed
B47: Executed Date
B48: Defect ID
